feature,importance
subscription_count,0.38861660600436343
days_since_last_product_view,0.11494053344490374
days_since_last_login,0.11284536608001136
days_since_last_activity,0.0818658402503751
purchase_rate,0.07792195023453498
purchase_count,0.04598533343287612
total_events,0.031119641696231326
sessions_per_active_day,0.018540818090052275
cart_rate,0.017503448505180725
total_sessions,0.01725011306026029
active_days,0.016778176505666834
search_rate,0.0163024823676351
login_count,0.015415743821889793
product_view_count,0.014016937316750524
events_per_active_day,0.011070764531912011
add_to_cart_count,0.01022183736472104
search_count,0.00960440729263537
