user_id,actual_churn,churn_probability,risk_segment
U02900,1,0.8904091062183932,High
U01666,0,0.8897334343196648,High
U03395,1,0.8861588015613091,High
U01571,1,0.885397552060518,High
U03953,0,0.8842708959603204,High
U01866,0,0.8837546459225217,High
U04881,0,0.8836041166547578,High
U02560,1,0.8834033052648992,High
U01555,1,0.880335814123582,High
U03892,0,0.8762420096645439,High
U01077,0,0.8745242530345189,High
U04642,0,0.8736618949409867,High
U04135,0,0.8732838579677925,High
U03359,0,0.8732419193031052,High
U01957,0,0.872135459213355,High
U01933,1,0.8697211843213762,High
U01752,0,0.8668011016376833,High
U01972,1,0.863885308351106,High
U02638,0,0.861763350498872,High
U00500,0,0.8610619195210273,High
U02123,1,0.8566245475182386,High
U00189,0,0.8544021562911667,High
U01471,0,0.8541819180107588,High
U01769,0,0.8502174774337432,High
U00703,0,0.8483682512187786,High
U03434,0,0.8423846448624246,High
U04131,0,0.8405541540826283,High
U01551,0,0.8405420953928008,High
U04489,0,0.8325986180218028,High
U02234,0,0.8303934550737911,High
U01699,1,0.8303033827678798,High
U01980,0,0.8124426591400795,High
U02975,0,0.811615777069343,High
U00292,0,0.807233473247196,High
U01451,1,0.8035681417507715,High
U00282,0,0.8025753324764522,High
U02603,0,0.8003458543629214,High
U00723,0,0.7981968490733703,High
U03432,0,0.7967074048274303,High
U00297,0,0.7903301580519517,High
U04603,1,0.7902097573896761,High
U01007,0,0.7889363119085275,High
U01364,0,0.7857157728144745,High
U01607,0,0.7831805753641781,High
U00615,0,0.7779063611369457,High
U04237,1,0.7739509244137759,High
U02633,0,0.7665317742859774,High
U00029,0,0.7568437015035595,High
U02886,1,0.7509271406729829,High
U00971,0,0.7457770408766788,High
U04981,0,0.7430211757162969,High
U00963,0,0.7352450578221313,High
U00749,0,0.7338344860069165,High
U02194,0,0.7327538303492199,High
U03987,0,0.730464657587583,High
U03173,1,0.727309546654921,High
U01215,0,0.727309546654921,High
U01868,0,0.725398763339162,High
U01764,0,0.7211147177084046,High
U00980,0,0.7183563159689971,High
U02562,0,0.7169163682319207,High
U02479,0,0.7114688361577496,High
U04345,0,0.7097797050284129,High
U03811,0,0.7037767872149872,High
U00183,0,0.7028399902652069,High
U00890,0,0.7005854139807091,High
U02130,0,0.700534600487809,High
U02444,1,0.6994499832006452,High
U04693,0,0.694815614528994,High
U03078,0,0.684269350429567,High
U00570,0,0.6818910025088352,High
U02329,0,0.6801681730143925,High
U00508,0,0.6794769405646265,High
U00802,0,0.6738661998634801,High
U00115,0,0.6736406282932718,High
U00745,1,0.6603594517827767,High
U04936,0,0.6581380516947065,High
U04300,0,0.6581380516947065,High
U04142,0,0.653990091563734,High
U03390,0,0.6475533407133298,High
U03697,0,0.6437952521547928,High
U04069,0,0.6415142506912423,High
U04008,0,0.6409654414065398,High
U03730,0,0.6405883096535896,High
U02881,0,0.6392732286007118,High
U01479,0,0.6375718467930498,High
U00061,0,0.6357746989840906,High
U04374,0,0.6340104189380228,High
U04572,0,0.6327246956665853,High
U02835,0,0.6224378414373593,High
U01474,0,0.6197937158665914,High
U03472,0,0.6152627469858755,High
U00136,0,0.6131083172415176,High
U00766,0,0.6127709675208854,High
U00958,0,0.611303815517127,High
U04566,0,0.6003446864562263,High
U04011,0,0.5947587511252483,Medium
U03195,0,0.5942820929235441,Medium
U03105,0,0.5909960536713017,Medium
U03343,0,0.5868528966401402,Medium
U01086,0,0.5862513561190082,Medium
U03126,0,0.5788850895138031,Medium
U01070,0,0.5783806349145799,Medium
U03869,0,0.5591479084918158,Medium
U01739,0,0.5560944316464036,Medium
U01498,0,0.5549800450566914,Medium
U04763,0,0.5532310779999277,Medium
U04871,0,0.5486612735081678,Medium
U03541,0,0.5482465402277895,Medium
U04946,0,0.5382331697454611,Medium
U02693,0,0.5161786602381239,Medium
U04799,0,0.5123171394953553,Medium
U04321,0,0.5003144096208493,Medium
U02422,0,0.48938614483297554,Medium
U00216,0,0.4715275683550707,Medium
U02312,0,0.4700553367389432,Medium
U04859,0,0.4407473386422212,Medium
U00202,0,0.42396502976824396,Medium
U01065,0,0.41312447119473905,Medium
U03964,0,0.39183490037739654,Medium
U03986,0,0.3899490004583562,Medium
U03940,0,0.38738430275147484,Medium
U03493,0,0.3712491508560795,Medium
U03086,0,0.36607730090719365,Medium
U00775,0,0.35612686833112356,Medium
U00218,0,0.33696654870663456,Medium
U00949,1,0.33141986263589024,Medium
U01572,0,0.3153402339506368,Medium
U03421,0,0.3067284220729917,Medium
U04346,0,0.2708275585543399,Low
U04245,0,0.23335372328980497,Low
U04487,0,0.2240368125719607,Low
U01736,0,0.20183320245616937,Low
U01166,0,0.19428099385719377,Low
U02332,0,0.19402683394438405,Low
U01120,0,0.1921737919778003,Low
U04941,0,0.1898133900349346,Low
U02000,0,0.17949577902446387,Low
U03819,0,0.1780115866206848,Low
U02347,0,0.17584798261037204,Low
U02848,0,0.17571130264434057,Low
U01271,0,0.17475850903915938,Low
U04077,0,0.17295785885117007,Low
U02460,0,0.17009917129737892,Low
U02733,0,0.17006169203699312,Low
U03352,0,0.16946887483705297,Low
U04070,0,0.1691992484225358,Low
U04793,0,0.16916873258763512,Low
U00015,0,0.16694379510092108,Low
U03203,0,0.16641858339027235,Low
U02856,0,0.16584085751708919,Low
U03245,0,0.16547609808373787,Low
U00308,0,0.16505484471321194,Low
U02251,0,0.1646191412647685,Low
U02309,0,0.1645126036063485,Low
U03191,0,0.16431602057422368,Low
U02779,0,0.16398185111815033,Low
U03989,0,0.1636213164141468,Low
U04902,0,0.1634977098937334,Low
U03956,0,0.16295758752095457,Low
U04785,0,0.16271970617974038,Low
U02630,0,0.16266154519027534,Low
U00610,0,0.16233745571859864,Low
U01617,0,0.16188078275143666,Low
U01522,0,0.16184325524356366,Low
U00404,0,0.16180219453154246,Low
U02370,0,0.16151798147068266,Low
U00771,0,0.16051945222595024,Low
U01852,0,0.16051522857488754,Low
U02604,0,0.16042209161336116,Low
U02318,0,0.16024644781218564,Low
U04869,0,0.1601907334404763,Low
U00274,0,0.16005531771138448,Low
U00973,0,0.1599889496218548,Low
U01035,0,0.1599221324440611,Low
U02643,0,0.15992001386126722,Low
U01420,0,0.1596641395291541,Low
U02844,0,0.159465250790153,Low
U02579,0,0.1590787132756661,Low
U00247,0,0.1587652773744505,Low
U01783,0,0.15861521693338834,Low
U02046,0,0.15739321007121648,Low
U03559,0,0.1571732405031973,Low
U02767,0,0.15715045517441337,Low
U03462,0,0.15689825332280724,Low
U00860,0,0.15666959235919517,Low
U04912,0,0.15657060172931425,Low
U02809,0,0.15616859773808178,Low
U02654,0,0.15614264539632314,Low
U02189,0,0.15583629361868162,Low
U03287,0,0.1556847444095775,Low
U01246,1,0.15529292782150378,Low
U04116,0,0.15520705294489107,Low
U04143,0,0.1536535978345768,Low
U01171,0,0.15362501001184925,Low
U04914,0,0.15266011896281584,Low
U03261,0,0.15226798785755594,Low
U01494,0,0.1515138896128236,Low
U00606,0,0.15097510472168654,Low
U03355,0,0.14925431198169037,Low
U03240,0,0.14753511509142833,Low
U01010,0,0.14686048812608407,Low
U02815,0,0.14612183160664408,Low
U01314,0,0.14411587049193314,Low
U01825,0,0.14406253962235668,Low
U00731,0,0.14359165255000678,Low
U01183,0,0.14290940644509248,Low
U03792,0,0.1428239394070953,Low
U02600,0,0.14242954605822583,Low
U04452,0,0.14231035206508375,Low
U04798,0,0.14104988696589954,Low
U01552,0,0.1400126669194181,Low
U03095,0,0.13865128768201754,Low
U04815,0,0.13844465118126342,Low
U01141,0,0.13844038514392618,Low
U03265,0,0.13715624646764843,Low
U04315,0,0.13691421546045945,Low
U03225,0,0.13683788636181168,Low
U00379,0,0.1366044973846162,Low
U03590,0,0.13647943351787417,Low
U00227,0,0.13647943351787417,Low
U00261,0,0.13641381387903717,Low
U02708,0,0.1361138432946733,Low
U04911,0,0.1344274462388987,Low
U04879,0,0.1342129666213633,Low
U05000,0,0.13345062029599822,Low
U00965,0,0.13325958647438704,Low
U01751,0,0.1324798164246956,Low
U02248,0,0.13185779750796753,Low
U01228,0,0.13086146405818735,Low
U01703,0,0.13011515009806754,Low
U03498,0,0.12884183808159289,Low
U02651,0,0.1280560372529483,Low
U03378,0,0.12760401703566743,Low
U00930,0,0.12631065576079872,Low
U01352,0,0.12605553340482967,Low
U02326,0,0.12589994918514624,Low
U04715,0,0.12563294028124378,Low
U04892,0,0.12504424468383277,Low
U03876,0,0.12412420485301842,Low
U03689,0,0.12406237405612754,Low
U01786,0,0.1210641288265848,Low
U04199,0,0.12028687697359745,Low
U00789,0,0.11978205388526565,Low
U02796,0,0.11933631464549783,Low
U00877,0,0.11669012367601696,Low
U02363,0,0.11605229660853605,Low
U00912,0,0.11342671906286121,Low
U00514,0,0.11331275279501632,Low
U04528,0,0.1127732984444369,Low
U01587,0,0.11268033656074945,Low
U03632,0,0.1123445218147208,Low
U03433,0,0.1102125463950825,Low
U00588,0,0.1064690247086434,Low
U03247,0,0.10479551599323261,Low
U04316,0,0.10328271569504172,Low
U01302,0,0.10311497626526042,Low
U03545,0,0.10298094329187592,Low
U00645,0,0.10289004161881654,Low
U03824,0,0.1027176743808676,Low
U03458,0,0.10157288806863718,Low
U04251,0,0.10146718728248129,Low
U01521,0,0.10113414208017746,Low
U04643,0,0.10107505956341226,Low
U02124,0,0.09750824371641159,Low
U02682,0,0.09718409055658739,Low
U01384,0,0.09499873634998804,Low
U02471,0,0.0948644082731503,Low
U04906,0,0.09395943433487496,Low
U04335,0,0.09171316004352045,Low
U03742,0,0.09110537742533015,Low
U02658,0,0.09028080264560925,Low
U01279,0,0.08921445515638565,Low
U01525,0,0.08842020186173453,Low
U01470,0,0.08660955527743151,Low
U00168,0,0.08495639994834502,Low
U00644,0,0.08467031612124233,Low
U00298,0,0.0840463652481273,Low
U00433,0,0.08285869888095498,Low
U04547,0,0.08027620110860775,Low
U00058,0,0.08016983675041715,Low
U01723,0,0.07718746184039178,Low
U01099,0,0.07606886541530558,Low
U02644,0,0.07166373700462905,Low
U02095,0,0.07127815931503381,Low
U04697,0,0.07079023969693073,Low
U01541,0,0.07067270603791811,Low
U03012,0,0.06821412150082547,Low
U03218,0,0.0663477672389391,Low
U01132,0,0.06627403647571757,Low
U01878,0,0.06621029903723184,Low
U01509,0,0.06565183279834598,Low
U00867,0,0.06440488785879493,Low
U04882,0,0.06339909362704144,Low
U02789,0,0.06256853568422173,Low
U04964,0,0.06056118145353641,Low
U00199,0,0.05921762099362085,Low
U04007,0,0.05872407036944191,Low
U03917,0,0.05623915288564421,Low
U04318,0,0.05407329135285031,Low
U00410,0,0.051823271662571606,Low
U02484,0,0.051635778697988,Low
U04467,0,0.049999902457983865,Low
U04267,0,0.047902589815861936,Low
U01381,0,0.04544688515417894,Low
U02951,0,0.04544658459495393,Low
U01757,0,0.04483247662970553,Low
U01341,0,0.04446388996843618,Low
U03025,0,0.04344501975358652,Low
U01201,0,0.042916766735857495,Low
U01909,0,0.04159452608457683,Low
U02903,0,0.041485486272953856,Low
U02629,0,0.03975543087636458,Low
U00037,0,0.03911683757907055,Low
U02623,0,0.03802632795134853,Low
U04511,0,0.03438249328700739,Low
U04777,0,0.0333444752423118,Low
U00920,0,0.032865235171646134,Low
U01009,0,0.032673706943912924,Low
U00336,0,0.032499650871863066,Low
U01560,0,0.0319767876398132,Low
U03611,0,0.03124433222855398,Low
U01875,0,0.031077808575645138,Low
U01836,0,0.030910253416837084,Low
U03739,0,0.030100663648984494,Low
U00883,0,0.029439977694569516,Low
U01480,0,0.028027436734045827,Low
U02240,0,0.027856727379769054,Low
U03055,0,0.02775869359480647,Low
U00479,0,0.027174431984372374,Low
U02553,0,0.026684935679637548,Low
U02107,0,0.02614391517380023,Low
U04274,0,0.025737789293789157,Low
U04326,0,0.024767417163993947,Low
U01157,0,0.024600492096145156,Low
U01646,0,0.022701200213265698,Low
U02459,0,0.02231688457541092,Low
U02384,0,0.022145991221421944,Low
U02552,0,0.02172608403235395,Low
U00942,0,0.021440147205177347,Low
U04044,0,0.02133777725113854,Low
U01245,0,0.02133777725113854,Low
U01000,0,0.021217590416456364,Low
U02805,0,0.021023090356076517,Low
U03920,0,0.02078822327551629,Low
U02759,0,0.020694599004256624,Low
U01351,0,0.020631614066187534,Low
U03744,0,0.020067516950448484,Low
U01641,0,0.019600954350394197,Low
U04476,0,0.019262925536248005,Low
U01045,0,0.019192093333061013,Low
U04750,0,0.01793473184230902,Low
U04616,0,0.017820475108050994,Low
U04690,0,0.017810298479792364,Low
U01528,0,0.01694703115522729,Low
U00149,0,0.016139817779806914,Low
U02392,0,0.016139817779806914,Low
U04825,0,0.016139817779806914,Low
U03061,0,0.015804007757547082,Low
U02710,0,0.015512801570197417,Low
U01811,0,0.015437337641000826,Low
U04306,0,0.015339573335762238,Low
U01219,0,0.014952492329050819,Low
U02955,0,0.014870968202327592,Low
U01383,0,0.01478142902446124,Low
U01626,0,0.014744653714809264,Low
U00750,0,0.014313868141843938,Low
U01993,0,0.014283950625738135,Low
U01258,0,0.014259206869616473,Low
U04987,0,0.014259206869616473,Low
U04730,0,0.014259206869616473,Low
U02154,0,0.013362387023975165,Low
U04844,0,0.013320847774169782,Low
U03348,0,0.013313076257570139,Low
U04176,0,0.013245037600747848,Low
U02668,0,0.013245037600747848,Low
U03525,0,0.01281603435171706,Low
U04644,0,0.012792237106963639,Low
U01305,0,0.012241496815198925,Low
U00707,0,0.012038208722470242,Low
U01722,0,0.011939309056956116,Low
U02052,0,0.01159268221148996,Low
U03872,0,0.011417337969670628,Low
U01177,0,0.011212955644011662,Low
U04639,0,0.011006518697573464,Low
U00063,0,0.010782618502766801,Low
U04948,0,0.010601668202032058,Low
U04967,0,0.010388176854472447,Low
U04075,0,0.01018664577073823,Low
U00300,0,0.010097248925171828,Low
U01502,0,0.010089845284841038,Low
U00617,0,0.009837107487922705,Low
U02244,0,0.009835702347920855,Low
U04767,0,0.009740935555454902,Low
U03925,0,0.009531300889689148,Low
U03631,0,0.009275730107089496,Low
U02374,0,0.009243231600657743,Low
U03602,0,0.00920537674885501,Low
U04243,0,0.009080124223602484,Low
U04193,0,0.008771640584562057,Low
U03004,0,0.008424570636570072,Low
U00141,0,0.008346740664661102,Low
U03238,0,0.008346740664661102,Low
U00762,0,0.008321690403008168,Low
U03142,0,0.0082705135179362,Low
U01642,0,0.008184956548596245,Low
U03528,0,0.007676205971923292,Low
U02371,0,0.007574212893553224,Low
U01717,0,0.007500355845309974,Low
U02202,0,0.007290855836033175,Low
U03670,0,0.007235164556540655,Low
U00604,0,0.007235164556540655,Low
U01631,0,0.006862277746247988,Low
U03620,0,0.006817647186994381,Low
U04897,0,0.0067709954985940655,Low
U01063,0,0.006718487394957983,Low
U04089,0,0.006680124223602485,Low
U00698,0,0.006522106918683699,Low
U04057,0,0.006359333543939753,Low
U02666,0,0.006359333543939753,Low
U00990,0,0.006089411136454148,Low
U03444,0,0.006089411136454148,Low
U00455,0,0.006001705029838022,Low
U01618,0,0.005917050944224857,Low
U03496,0,0.005804587375733621,Low
U04134,0,0.005715470976034024,Low
U03592,0,0.005715470976034024,Low
U03784,0,0.005689853076216713,Low
U00144,0,0.00548519737575006,Low
U01338,0,0.005462462462462462,Low
U02883,0,0.005443131526874082,Low
U03282,0,0.0054,Low
U02121,0,0.005271589320340013,Low
U01808,0,0.005253623188405798,Low
U02570,0,0.005188773585350366,Low
U04203,0,0.005141642784923897,Low
U04313,0,0.004847494553376907,Low
U02201,0,0.004847494553376907,Low
U02180,0,0.004799695728385613,Low
U02556,0,0.004799695728385613,Low
U02385,0,0.004761817186210252,Low
U03923,0,0.0047140522875817,Low
U00622,0,0.004567022511976641,Low
U04186,0,0.004567022511976641,Low
U02382,0,0.004567022511976641,Low
U00987,0,0.004141154537731317,Low
U03796,0,0.004141154537731317,Low
U00346,0,0.003858585858585859,Low
U03919,0,0.003510279743849006,Low
U03373,0,0.0034068996428161117,Low
U03966,0,0.0034053054811275445,Low
U01208,0,0.0032661348474526124,Low
U01275,0,0.0032661348474526124,Low
U01762,0,0.003071895424836601,Low
U02985,0,0.003071895424836601,Low
U00979,0,0.003071895424836601,Low
U01698,0,0.003068111836595377,Low
U00032,0,0.003068111836595377,Low
U04886,0,0.003068111836595377,Low
U04726,0,0.003068111836595377,Low
U03062,0,0.003068111836595377,Low
U04416,0,0.003068111836595377,Low
U04778,0,0.0029454194053124536,Low
U03810,0,0.0029454194053124536,Low
U02665,0,0.0029333333333333334,Low
U04271,0,0.0029333333333333334,Low
U04612,0,0.0029201622750009842,Low
U02388,0,0.0028078212043979845,Low
U02920,0,0.0028078212043979845,Low
U03988,0,0.0028078212043979845,Low
U04211,0,0.0028078212043979845,Low
U01015,0,0.0028078212043979845,Low
U02558,0,0.0028078212043979845,Low
U00283,0,0.0028078212043979845,Low
U01081,0,0.002777777777777778,Low
U00076,0,0.002777777777777778,Low
U01759,0,0.0027536231884057972,Low
U03790,0,0.0027151706601247884,Low
U01442,0,0.0027151706601247884,Low
U01777,0,0.0027151706601247884,Low
U02455,0,0.002692307692307692,Low
U04896,0,0.002692307692307692,Low
U04523,0,0.002692307692307692,Low
U02801,0,0.002692307692307692,Low
U00866,0,0.0026865671641791043,Low
U02820,0,0.0026436781609195403,Low
U00369,0,0.0026436781609195403,Low
U03561,0,0.0026086956521739132,Low
U03628,0,0.0024444444444444444,Low
U03583,0,0.002380952380952381,Low
U03652,0,0.002361111111111111,Low
U01303,0,0.002361111111111111,Low
U00135,0,0.0022568570170701605,Low
U03228,0,0.0022568570170701605,Low
U01281,0,0.0022568570170701605,Low
U02907,0,0.0022568570170701605,Low
U01046,0,0.0022568570170701605,Low
U02782,0,0.0022568570170701605,Low
U04001,0,0.0022568570170701605,Low
U04600,0,0.0022568570170701605,Low
U01106,0,0.0022568570170701605,Low
U00792,0,0.0022568570170701605,Low
U03024,0,0.0022549019607843138,Low
U03205,0,0.0022549019607843138,Low
U01877,0,0.0022549019607843138,Low
U02027,0,0.0022549019607843138,Low
U01597,0,0.0022549019607843138,Low
U01348,0,0.0022549019607843138,Low
U02840,0,0.0022549019607843138,Low
U04368,0,0.0021333333333333334,Low
U04359,0,0.002121212121212121,Low
U03540,0,0.0020987654320987655,Low
U01898,0,0.0020987654320987655,Low
U02128,0,0.0020987654320987655,Low
U04386,0,0.0016666666666666668,Low
U01435,0,0.0016666666666666668,Low
U00978,0,0.0016666666666666668,Low
U00590,0,0.0016666666666666668,Low
U04189,0,0.0016666666666666668,Low
U04249,0,0.0016666666666666668,Low
U01916,0,0.0016666666666666668,Low
U02743,0,0.0016293955598768433,Low
U04686,0,0.0012103048466684829,Low
U00363,0,0.0006593406593406593,Low
U02001,0,0.0005849314084608202,Low
U02016,0,0.0005849314084608202,Low
U04164,0,0.000231990231990232,Low
U01648,0,0.000231990231990232,Low
U01997,0,0.0,Low
U01661,0,0.0,Low
U02158,0,0.0,Low
U03446,0,0.0,Low
U04942,0,0.0,Low
U04303,0,0.0,Low
U04247,0,0.0,Low
U04971,0,0.0,Low
U04462,0,0.0,Low
U02308,0,0.0,Low
U01620,0,0.0,Low
U04968,0,0.0,Low
U04516,0,0.0,Low
U03295,0,0.0,Low
U02006,0,0.0,Low
U01738,0,0.0,Low
U01548,0,0.0,Low
U04192,0,0.0,Low
U02786,0,0.0,Low
U02745,0,0.0,Low
U02635,0,0.0,Low
U04752,0,0.0,Low
U03409,0,0.0,Low
U00786,0,0.0,Low
U03233,0,0.0,Low
U02342,0,0.0,Low
U01707,0,0.0,Low
U02314,0,0.0,Low
U00005,0,0.0,Low
U03644,0,0.0,Low
U03817,0,0.0,Low
U03435,0,0.0,Low
U00613,0,0.0,Low
U00827,0,0.0,Low
U02971,0,0.0,Low
U03175,0,0.0,Low
U01356,0,0.0,Low
U00166,0,0.0,Low
U00635,0,0.0,Low
U04422,0,0.0,Low
U01469,0,0.0,Low
U01137,0,0.0,Low
U01767,0,0.0,Low
U03254,0,0.0,Low
U04460,0,0.0,Low
U01043,0,0.0,Low
U02966,0,0.0,Low
U01969,0,0.0,Low
U00186,0,0.0,Low
U00611,0,0.0,Low
U00178,0,0.0,Low
U01559,0,0.0,Low
U04590,0,0.0,Low
U04802,0,0.0,Low
U01938,0,0.0,Low
U04898,0,0.0,Low
U00446,0,0.0,Low
U00323,0,0.0,Low
U02364,0,0.0,Low
U02150,0,0.0,Low
U04350,0,0.0,Low
U00719,0,0.0,Low
U00928,0,0.0,Low
U04875,0,0.0,Low
U03638,0,0.0,Low
U01261,0,0.0,Low
U04432,0,0.0,Low
U01069,0,0.0,Low
U04581,0,0.0,Low
U01624,0,0.0,Low
U01495,0,0.0,Low
U03857,0,0.0,Low
U01266,0,0.0,Low
U04299,0,0.0,Low
U02655,0,0.0,Low
U04392,0,0.0,Low
U01325,0,0.0,Low
U03825,0,0.0,Low
U03904,0,0.0,Low
U00896,0,0.0,Low
U02507,0,0.0,Low
U03129,0,0.0,Low
U01760,0,0.0,Low
U00830,0,0.0,Low
U01306,0,0.0,Low
U04786,0,0.0,Low
U00102,0,0.0,Low
U04655,0,0.0,Low
U03094,0,0.0,Low
U04171,0,0.0,Low
U04931,0,0.0,Low
U02493,0,0.0,Low
U01863,0,0.0,Low
U02541,0,0.0,Low
U01473,0,0.0,Low
U00175,0,0.0,Low
U04808,0,0.0,Low
U02406,0,0.0,Low
U00402,0,0.0,Low
U03863,0,0.0,Low
U03733,0,0.0,Low
U00755,0,0.0,Low
U00546,0,0.0,Low
U01732,0,0.0,Low
U03793,0,0.0,Low
U00229,0,0.0,Low
U02981,0,0.0,Low
U02557,0,0.0,Low
U03895,0,0.0,Low
U02964,0,0.0,Low
U01857,0,0.0,Low
U02090,0,0.0,Low
U04676,0,0.0,Low
U00002,0,0.0,Low
U01193,0,0.0,Low
U04701,0,0.0,Low
U04272,0,0.0,Low
U03731,0,0.0,Low
U01813,0,0.0,Low
U02496,0,0.0,Low
U04650,0,0.0,Low
U00836,0,0.0,Low
U02241,0,0.0,Low
U03686,0,0.0,Low
U02746,0,0.0,Low
U02577,0,0.0,Low
U04728,0,0.0,Low
U00841,0,0.0,Low
U04680,0,0.0,Low
U00060,0,0.0,Low
U02625,0,0.0,Low
U00080,0,0.0,Low
U02412,0,0.0,Low
U02292,0,0.0,Low
